12|created|17.04.2023 21:50
12|updated|17.04.2023 21:51
12|deleted|17.04.2023 21:51
11|created|17.04.2023 21:52
11|created|17.04.2023 21:58
11|created|17.04.2023 22:06
11|created|17.04.2023 22:08
11|created|17.04.2023 22:09
12|created|17.04.2023 22:23
16|created|17.04.2023 22:25
16|created|17.04.2023 22:26
16|created|17.04.2023 22:27
16|created|17.04.2023 22:31
12|created|17.04.2023 22:33
12|created|17.04.2023 22:36
12|created|17.04.2023 22:41
12|created|17.04.2023 22:44
12|created|17.04.2023 22:54
12|created|17.04.2023 22:56
12|deleted|17.04.2023 22:58
12|deleted|17.04.2023 22:59
12|deleted|17.04.2023 22:59
12|created|17.04.2023 22:59
16|created|17.04.2023 23:02
16|created|10.05.2023 23:01
16|created|11.05.2023 09:31
16|created|11.05.2023 09:31
16|created|11.05.2023 09:42
17|created|11.05.2023 09:46
17|created|11.05.2023 19:09
17|created|11.05.2023 19:10
17|created|11.05.2023 21:49
17|created|11.05.2023 22:12
16|created|17.04.2023 23:16
17|created|11.05.2023 22:32
17|created|11.05.2023 22:33
